SampleID,TestType,Result,Unit,test_date,Operator,Status
VIM-2026-00001,sterility,4.475,pass/fail,2025-01-01,OP004,passed
VIM-2026-00002,bioburden,5.699,EU/mL,2025-01-01,OP003,pending
VIM-2026-00003,pH,11.99,EU/mL,2025-01-01,OP005,passed
VIM-2026-00004,sterility,4.778,pass/fail,2025-01-02,OP001,passed
VIM-2026-00005,sterility,2.788,pass/fail,2025-01-02,OP005,passed
VIM-2026-00006,bioburden,8.017,pass/fail,2025-01-02,OP001,passed
VIM-2026-00007,pH,13.138,CFU/mL,2025-01-03,OP002,passed
VIM-2026-00008,pH,9.896,EU/mL,2025-01-03,OP001,passed
VIM-2026-00009,sterility,8.196,CFU/mL,2025-01-03,OP004,failed
VIM-2026-00010,endotoxin,,CFU/mL,2025-01-04,OP003,failed
VIM-2026-00011,sterility,8.803,pass/fail,2025-01-04,OP002,passed
VIM-2026-00012,sterility,13.866,pass/fail,2025-01-04,OP001,pending
VIM-2026-00013,sterility,2.391,pH,2025-01-05,OP005,passed
VIM-2026-00014,sterility,7.497,pH,2025-01-05,OP002,passed
VIM-2026-00015,bioburden,12.345,CFU/mL,2025-01-05,OP002,passed
VIM-2026-00016,pH,10.5,EU/mL,2025-01-06,OP001,pending
VIM-2026-00017,bioburden,9.91,pass/fail,2025-01-06,OP002,passed
VIM-2026-00018,bioburden,,pass/fail,2025-01-06,OP005,passed
VIM-2026-00019,bioburden,5.353,CFU/mL,2025-01-07,OP002,passed
VIM-2026-00020,sterility,4.463,pH,2025-01-07,OP005,passed
VIM-2026-00021,endotoxin,11.426,EU/mL,2025-01-07,OP001,passed
VIM-2026-00022,pH,11.437,pH,2025-01-08,OP003,passed
VIM-2026-00023,endotoxin,12.205,pH,2025-01-08,OP002,passed
VIM-2026-00024,bioburden,12.829,pH,2025-01-08,OP003,passed
VIM-2026-00025,bioburden,7.403,pH,2025-01-09,OP005,passed
VIM-2026-00026,endotoxin,7.27,pass/fail,2025-01-09,OP002,passed
VIM-2026-00027,endotoxin,11.277,pass/fail,2025-01-09,OP004,passed
VIM-2026-00028,endotoxin,9.275,pH,2025-01-10,OP003,passed
VIM-2026-00029,bioburden,,EU/mL,2025-01-10,OP002,passed
VIM-2026-00030,bioburden,11.243,CFU/mL,2025-01-10,OP003,passed
VIM-2026-00031,pH,12.515,EU/mL,2025-01-11,OP002,passed
VIM-2026-00032,pH,5.063,EU/mL,2025-01-11,OP001,pending
VIM-2026-00033,bioburden,5.57,EU/mL,2025-01-11,OP003,passed
VIM-2026-00034,endotoxin,1.769,pH,2025-01-12,OP004,passed
VIM-2026-00035,endotoxin,8.307,pass/fail,2025-01-12,OP004,passed
VIM-2026-00036,pH,0.985,EU/mL,2025-01-12,OP005,passed
VIM-2026-00037,bioburden,6.786,pH,2025-01-13,,passed
VIM-2026-00038,pH,7.826,EU/mL,2025-01-13,OP003,passed
VIM-2026-00039,pH,4.368,EU/mL,2025-01-13,OP005,passed
VIM-2026-00040,sterility,8.476,pH,2025-01-14,OP003,passed
VIM-2026-00041,sterility,0.912,pass/fail,2025-01-14,OP002,pending
VIM-2026-00042,sterility,1.004,pass/fail,2025-01-14,OP004,failed
VIM-2026-00043,endotoxin,11.605,CFU/mL,2025-01-15,OP001,passed
VIM-2026-00044,bioburden,5.363,pH,2025-01-15,OP004,passed
VIM-2026-00045,bioburden,2.215,CFU/mL,2025-01-15,OP005,failed
VIM-2026-00046,bioburden,7.55,CFU/mL,2025-01-16,OP001,passed
VIM-2026-00047,bioburden,10.895,CFU/mL,2025-01-16,OP005,passed
VIM-2026-00048,sterility,3.414,pass/fail,2025-01-16,OP002,pending
VIM-2026-00049,endotoxin,8.909,pH,2025-01-17,OP001,passed
VIM-2026-00050,endotoxin,1.652,CFU/mL,2025-01-17,OP005,passed
VIM-2026-00051,sterility,1.198,pH,2025-01-17,OP002,pending
VIM-2026-00052,endotoxin,7.673,pH,2025-01-18,OP004,passed
VIM-2026-00053,sterility,7.799,pass/fail,2025-01-18,OP002,passed
VIM-2026-00054,bioburden,9.105,CFU/mL,2025-01-18,OP003,passed
VIM-2026-00055,sterility,10.302,CFU/mL,2025-01-19,OP002,failed
VIM-2026-00056,bioburden,,pH,2025-01-19,OP002,pending
VIM-2026-00057,bioburden,7.47,EU/mL,2025-01-19,OP003,failed
VIM-2026-00058,pH,4.86,pass/fail,2025-01-20,OP005,passed
VIM-2026-00059,sterility,11.235,pass/fail,2025-01-20,OP005,failed
VIM-2026-00060,pH,4.156,pass/fail,2025-01-20,OP002,pending
VIM-2026-00061,sterility,6.426,pass/fail,2025-01-21,OP003,passed
VIM-2026-00062,sterility,1.559,CFU/mL,2025-01-21,OP003,pending
VIM-2026-00063,pH,0.842,CFU/mL,2025-01-21,OP004,failed
VIM-2026-00064,pH,,EU/mL,2025-01-22,OP005,passed
VIM-2026-00065,sterility,11.786,pass/fail,2025-01-22,OP001,passed
VIM-2026-00066,endotoxin,9.896,pass/fail,2025-01-22,OP005,passed
VIM-2026-00067,bioburden,6.021,pH,2025-01-23,OP005,passed
VIM-2026-00068,pH,2.839,CFU/mL,2025-01-23,OP004,passed
VIM-2026-00069,bioburden,2.612,pass/fail,2025-01-23,OP001,passed
VIM-2026-00070,endotoxin,3.878,EU/mL,2025-01-24,OP004,pending
VIM-2026-00071,endotoxin,7.915,EU/mL,2025-01-24,OP001,pending
VIM-2026-00072,endotoxin,10.147,CFU/mL,2025-01-24,OP002,failed
VIM-2026-00073,pH,9.413,EU/mL,2025-01-25,OP001,passed
VIM-2026-00074,endotoxin,4.279,EU/mL,2025-01-25,OP004,passed
VIM-2026-00075,pH,13.391,CFU/mL,2025-01-25,OP005,passed
VIM-2026-00076,endotoxin,10.462,pass/fail,2025-01-26,OP001,passed
VIM-2026-00077,bioburden,7.984,pass/fail,2025-01-26,OP001,failed
VIM-2026-00078,bioburden,8.758,EU/mL,2025-01-26,OP003,pending
VIM-2026-00079,sterility,6.165,EU/mL,2025-01-27,OP005,passed
VIM-2026-00080,bioburden,3.844,pass/fail,2025-01-27,OP002,pending
VIM-2026-00081,sterility,5.306,CFU/mL,2025-01-27,OP004,pending
VIM-2026-00082,bioburden,10.731,EU/mL,2025-01-28,OP002,passed
VIM-2026-00083,pH,0.694,pH,2025-01-28,OP005,pending
VIM-2026-00084,bioburden,2.067,CFU/mL,2025-01-28,OP001,passed
VIM-2026-00085,sterility,1.121,EU/mL,2025-01-29,OP001,passed
VIM-2026-00086,sterility,1.05,EU/mL,2025-01-29,OP005,passed
VIM-2026-00087,endotoxin,12.049,pH,2025-01-29,OP001,passed
VIM-2026-00088,pH,9.999,pH,2025-01-30,OP001,passed
VIM-2026-00089,bioburden,6.901,pass/fail,2025-01-30,OP001,passed
VIM-2026-00090,endotoxin,1.821,CFU/mL,2025-01-30,OP004,passed
VIM-2026-00091,bioburden,7.137,CFU/mL,2025-01-31,OP004,passed
VIM-2026-00092,bioburden,6.892,pass/fail,2025-01-31,OP003,passed
VIM-2026-00093,endotoxin,2.838,CFU/mL,2025-01-31,OP002,passed
VIM-2026-00094,endotoxin,6.357,CFU/mL,2025-02-01,OP005,passed
VIM-2026-00095,endotoxin,5.88,CFU/mL,2025-02-01,OP005,passed
VIM-2026-00096,endotoxin,8.814,CFU/mL,2025-02-01,OP005,passed
VIM-2026-00097,endotoxin,9.074,CFU/mL,2025-02-02,OP003,passed
VIM-2026-00098,bioburden,1.112,pH,2025-02-02,OP004,passed
VIM-2026-00099,endotoxin,5.557,CFU/mL,2025-02-02,OP003,passed
VIM-2026-00100,pH,8.949,pH,2025-02-03,OP005,failed
VIM-2026-00101,sterility,7.292,CFU/mL,2025-02-03,OP002,passed
VIM-2026-00102,endotoxin,12.063,pass/fail,2025-02-03,OP001,passed
VIM-2026-00103,endotoxin,9.392,EU/mL,2025-02-04,OP004,pending
VIM-2026-00104,bioburden,2.7,pH,2025-02-04,OP004,failed
VIM-2026-00105,endotoxin,1.453,CFU/mL,2025-02-04,OP003,pending
VIM-2026-00106,endotoxin,9.173,pass/fail,2025-02-05,OP004,failed
VIM-2026-00107,endotoxin,0.858,EU/mL,2025-02-05,OP005,passed
VIM-2026-00108,bioburden,8.408,pH,2025-02-05,OP005,passed
VIM-2026-00109,endotoxin,13.193,EU/mL,2025-02-06,OP003,passed
VIM-2026-00110,sterility,8.269,pass/fail,2025-02-06,OP005,passed
VIM-2026-00111,bioburden,5.74,pH,2025-02-06,OP002,passed
VIM-2026-00112,sterility,9.184,EU/mL,2025-02-07,OP003,passed
VIM-2026-00113,bioburden,6.686,CFU/mL,2025-02-07,OP002,passed
VIM-2026-00114,endotoxin,7.866,pH,2025-02-07,OP001,failed
VIM-2026-00115,sterility,13.21,EU/mL,2025-02-08,OP002,failed
VIM-2026-00116,bioburden,5.712,pass/fail,2025-02-08,OP001,passed
VIM-2026-00117,pH,13.476,pass/fail,2025-02-08,OP001,failed
VIM-2026-00118,endotoxin,12.722,pH,2025-02-09,OP002,passed
VIM-2026-00119,bioburden,3.143,EU/mL,2025-02-09,OP003,pending
VIM-2026-00120,pH,1.436,pH,2025-02-09,OP005,passed
VIM-2026-00121,bioburden,1.861,pH,2025-02-10,OP005,pending
VIM-2026-00122,pH,0.746,EU/mL,2025-02-10,OP001,passed
VIM-2026-00123,endotoxin,1.775,EU/mL,2025-02-10,OP001,passed
VIM-2026-00124,sterility,9.721,CFU/mL,2025-02-11,OP003,passed
VIM-2026-00125,pH,1.461,EU/mL,2025-02-11,OP004,passed
VIM-2026-00126,bioburden,4.806,pass/fail,2025-02-11,OP002,passed
VIM-2026-00127,endotoxin,11.906,pH,2025-02-12,OP001,passed
VIM-2026-00128,pH,0.814,pH,2025-02-12,OP005,passed
VIM-2026-00129,bioburden,11.495,pass/fail,2025-02-12,OP003,passed
VIM-2026-00130,bioburden,4.305,EU/mL,2025-02-13,OP002,passed
VIM-2026-00131,bioburden,2.095,pass/fail,2025-02-13,OP003,pending
VIM-2026-00132,pH,9.906,pass/fail,2025-02-13,OP002,passed
VIM-2026-00133,pH,8.991,CFU/mL,2025-02-14,OP002,passed
VIM-2026-00134,pH,12.346,pass/fail,2025-02-14,OP001,passed
VIM-2026-00135,sterility,10.423,pH,2025-02-14,OP003,failed
VIM-2026-00136,pH,11.347,pass/fail,2025-02-15,,passed
VIM-2026-00137,pH,4.307,pH,2025-02-15,OP005,pending
VIM-2026-00138,pH,2.895,pH,2025-02-15,OP005,failed
VIM-2026-00139,sterility,10.633,pH,2025-02-16,OP001,passed
VIM-2026-00140,pH,11.392,EU/mL,2025-02-16,OP001,passed
VIM-2026-00141,bioburden,,CFU/mL,2025-02-16,OP004,pending
VIM-2026-00142,pH,6.07,pH,2025-02-17,OP005,failed
VIM-2026-00143,bioburden,5.522,pH,2025-02-17,OP002,passed
VIM-2026-00144,bioburden,10.982,EU/mL,2025-02-17,OP003,passed
VIM-2026-00145,bioburden,5.101,pH,2025-02-18,OP001,failed
VIM-2026-00146,sterility,13.065,pass/fail,2025-02-18,OP003,passed
VIM-2026-00147,sterility,12.089,pass/fail,2025-02-18,OP003,pending
VIM-2026-00148,sterility,6.291,CFU/mL,2025-02-19,OP004,passed
VIM-2026-00149,pH,10.637,pH,2025-02-19,OP005,passed
VIM-2026-00150,bioburden,10.686,EU/mL,2025-02-19,OP001,failed
VIM-2026-00151,sterility,1.892,pass/fail,2025-02-20,OP003,passed
VIM-2026-00152,sterility,12.684,EU/mL,2025-02-20,OP001,passed
VIM-2026-00153,pH,7.321,EU/mL,2025-02-20,OP002,passed
VIM-2026-00154,sterility,11.657,pass/fail,2025-02-21,OP004,passed
VIM-2026-00155,pH,4.821,EU/mL,2025-02-21,OP002,passed
VIM-2026-00156,endotoxin,12.59,pass/fail,2025-02-21,OP001,passed
VIM-2026-00157,sterility,5.754,EU/mL,2025-02-22,OP001,passed
VIM-2026-00158,endotoxin,0.646,pass/fail,2025-02-22,OP005,failed
VIM-2026-00159,pH,12.723,pH,2025-02-22,OP003,passed
VIM-2026-00160,bioburden,1.732,CFU/mL,2025-02-23,OP003,passed
VIM-2026-00161,sterility,4.811,pass/fail,2025-02-23,OP002,passed
VIM-2026-00162,pH,13.326,pass/fail,2025-02-23,OP004,pending
VIM-2026-00163,bioburden,13.333,CFU/mL,2025-02-24,OP003,failed
VIM-2026-00164,bioburden,8.241,pass/fail,2025-02-24,OP005,passed
VIM-2026-00165,endotoxin,9.03,pass/fail,2025-02-24,OP002,passed
VIM-2026-00166,pH,6.554,EU/mL,2025-02-25,OP002,passed
VIM-2026-00167,bioburden,4.458,CFU/mL,2025-02-25,OP005,failed
VIM-2026-00168,sterility,4.937,pH,2025-02-25,OP004,pending
VIM-2026-00169,sterility,9.579,pass/fail,2025-02-26,OP005,passed
VIM-2026-00170,endotoxin,10.657,CFU/mL,2025-02-26,OP004,failed
VIM-2026-00171,bioburden,11.186,EU/mL,2025-02-26,OP005,failed
VIM-2026-00172,pH,11.16,pH,2025-02-27,OP005,passed
VIM-2026-00173,sterility,1.731,CFU/mL,2025-02-27,OP001,passed
VIM-2026-00174,bioburden,7.175,pH,2025-02-27,OP002,passed
VIM-2026-00175,bioburden,,pH,2025-02-28,OP005,passed
VIM-2026-00176,endotoxin,7.919,pH,2025-02-28,OP005,pending
VIM-2026-00177,sterility,6.461,pass/fail,2025-02-28,OP003,passed
VIM-2026-00178,sterility,12.484,pass/fail,2025-03-01,OP002,passed
VIM-2026-00179,pH,5.237,EU/mL,2025-03-01,OP003,passed
VIM-2026-00180,sterility,2.08,EU/mL,2025-03-01,OP002,passed
VIM-2026-00181,pH,2.43,CFU/mL,2025-03-02,OP003,passed
VIM-2026-00182,sterility,10.78,EU/mL,2025-03-02,OP005,passed
VIM-2026-00183,endotoxin,8.846,pH,2025-03-02,OP005,passed
VIM-2026-00184,sterility,1.865,pH,2025-03-03,OP001,passed
VIM-2026-00185,pH,1.635,pass/fail,2025-03-03,OP003,passed
VIM-2026-00186,pH,9.963,pH,2025-03-03,OP004,passed
VIM-2026-00187,endotoxin,1.482,CFU/mL,2025-03-04,OP001,passed
VIM-2026-00188,sterility,11.595,pH,2025-03-04,OP003,passed
VIM-2026-00189,sterility,10.034,pH,2025-03-04,OP003,passed
VIM-2026-00190,endotoxin,1.598,CFU/mL,2025-03-05,OP001,passed
VIM-2026-00191,sterility,1.645,EU/mL,2025-03-05,OP005,passed
VIM-2026-00192,sterility,13.82,EU/mL,2025-03-05,OP003,passed
VIM-2026-00193,pH,5.553,CFU/mL,2025-03-06,OP005,failed
VIM-2026-00194,sterility,5.504,pass/fail,2025-03-06,OP001,passed
VIM-2026-00195,sterility,11.473,pH,2025-03-06,OP005,passed
VIM-2026-00196,endotoxin,13.288,CFU/mL,2025-03-07,OP002,failed
VIM-2026-00197,endotoxin,13.811,pH,2025-03-07,OP004,passed
VIM-2026-00198,bioburden,10.671,pass/fail,2025-03-07,OP003,passed
VIM-2026-00199,pH,5.58,pH,2025-03-08,OP004,pending
VIM-2026-00200,sterility,1.627,CFU/mL,2025-03-08,OP005,failed
VIM-2026-00201,sterility,10.991,pH,2025-03-08,OP003,passed
VIM-2026-00202,bioburden,8.038,EU/mL,2025-03-09,OP005,passed
VIM-2026-00203,sterility,6.227,pass/fail,2025-03-09,OP002,passed
VIM-2026-00204,pH,12.736,pass/fail,2025-03-09,OP001,passed
VIM-2026-00205,bioburden,2.001,pass/fail,2025-03-10,OP003,passed
VIM-2026-00206,pH,7.15,CFU/mL,2025-03-10,OP002,passed
VIM-2026-00207,bioburden,0.653,pass/fail,2025-03-10,OP002,passed
VIM-2026-00208,bioburden,6.827,EU/mL,2025-03-11,OP003,passed
VIM-2026-00209,endotoxin,1.26,CFU/mL,2025-03-11,OP005,failed
VIM-2026-00210,pH,2.104,EU/mL,2025-03-11,OP002,passed
VIM-2026-00211,sterility,2.087,pH,2025-03-12,OP004,passed
VIM-2026-00212,sterility,9.264,pH,2025-03-12,OP002,passed
VIM-2026-00213,pH,10.572,pH,2025-03-12,OP005,passed
VIM-2026-00214,sterility,8.375,pH,2025-03-13,OP005,passed
VIM-2026-00215,sterility,13.489,EU/mL,2025-03-13,OP004,passed
VIM-2026-00216,pH,5.561,CFU/mL,2025-03-13,OP002,passed
VIM-2026-00217,bioburden,4.357,CFU/mL,2025-03-14,OP005,passed
VIM-2026-00218,pH,12.226,pass/fail,2025-03-14,OP003,passed
VIM-2026-00219,bioburden,3.519,EU/mL,2025-03-14,OP001,passed
VIM-2026-00220,sterility,13.504,pH,2025-03-15,OP001,passed
VIM-2026-00221,sterility,0.664,EU/mL,2025-03-15,OP001,passed
VIM-2026-00222,sterility,13.593,pass/fail,2025-03-15,OP002,pending
VIM-2026-00223,endotoxin,1.083,pass/fail,2025-03-16,OP004,passed
VIM-2026-00224,bioburden,12.53,EU/mL,2025-03-16,OP005,passed
VIM-2026-00225,endotoxin,7.624,EU/mL,2025-03-16,OP003,passed
VIM-2026-00226,endotoxin,13.905,EU/mL,2025-03-17,OP003,passed
VIM-2026-00227,pH,1.496,CFU/mL,2025-03-17,OP002,pending
VIM-2026-00228,endotoxin,7.977,pH,2025-03-17,OP001,passed
VIM-2026-00229,pH,13.586,EU/mL,2025-03-18,OP002,failed
VIM-2026-00230,pH,7.562,EU/mL,2025-03-18,OP004,passed
VIM-2026-00231,endotoxin,8.997,EU/mL,2025-03-18,OP004,passed
VIM-2026-00232,bioburden,9.893,pass/fail,2025-03-19,OP005,passed
VIM-2026-00233,bioburden,6.636,pass/fail,2025-03-19,OP005,failed
VIM-2026-00234,bioburden,8.972,CFU/mL,2025-03-19,OP004,passed
VIM-2026-00235,bioburden,8.388,pH,2025-03-20,OP004,passed
VIM-2026-00236,bioburden,12.666,CFU/mL,2025-03-20,OP004,pending
VIM-2026-00237,endotoxin,1.114,pH,2025-03-20,OP002,passed
VIM-2026-00238,endotoxin,4.293,pass/fail,2025-03-21,OP004,passed
VIM-2026-00239,sterility,13.331,pass/fail,2025-03-21,OP003,passed
VIM-2026-00240,bioburden,12.519,pass/fail,2025-03-21,OP001,pending
VIM-2026-00241,endotoxin,6.651,CFU/mL,2025-03-22,OP004,passed
VIM-2026-00242,sterility,8.872,EU/mL,2025-03-22,OP001,failed
VIM-2026-00243,bioburden,4.245,EU/mL,2025-03-22,OP002,failed
VIM-2026-00244,pH,3.04,pass/fail,2025-03-23,OP001,passed
VIM-2026-00245,sterility,6.76,EU/mL,2025-03-23,OP002,passed
VIM-2026-00246,endotoxin,5.27,EU/mL,2025-03-23,OP003,passed
VIM-2026-00247,pH,8.379,CFU/mL,2025-03-24,OP002,passed
VIM-2026-00248,pH,1.549,pH,2025-03-24,OP002,failed
VIM-2026-00249,pH,13.654,pass/fail,2025-03-24,OP005,pending
VIM-2026-00250,sterility,13.814,pass/fail,2025-03-25,OP004,passed
VIM-2026-00251,endotoxin,9.925,CFU/mL,2025-03-25,OP004,passed
VIM-2026-00252,pH,7.737,CFU/mL,2025-03-25,OP003,passed
VIM-2026-00253,bioburden,4.679,EU/mL,2025-03-26,OP003,passed
VIM-2026-00254,pH,11.486,pass/fail,2025-03-26,OP004,passed
VIM-2026-00255,pH,9.744,pH,2025-03-26,OP005,passed
VIM-2026-00256,sterility,2.695,CFU/mL,2025-03-27,OP004,passed
VIM-2026-00257,sterility,12.798,pH,2025-03-27,OP005,passed
VIM-2026-00258,endotoxin,,pH,2025-03-27,OP003,passed
VIM-2026-00259,bioburden,13.322,pass/fail,2025-03-28,OP001,passed
VIM-2026-00260,sterility,10.297,pass/fail,2025-03-28,OP003,passed
VIM-2026-00261,pH,8.781,CFU/mL,2025-03-28,OP003,failed
VIM-2026-00262,endotoxin,6.146,pass/fail,2025-03-29,OP002,passed
VIM-2026-00263,pH,13.092,pass/fail,2025-03-29,OP002,pending
VIM-2026-00264,pH,12.192,pass/fail,2025-03-29,OP002,pending
VIM-2026-00265,sterility,1.11,pH,2025-03-30,OP002,passed
VIM-2026-00266,endotoxin,0.856,CFU/mL,2025-03-30,OP005,failed
VIM-2026-00267,bioburden,5.582,EU/mL,2025-03-30,OP004,passed
VIM-2026-00268,bioburden,11.442,pH,2025-03-31,OP001,passed
VIM-2026-00269,sterility,13.828,pass/fail,2025-03-31,OP003,passed
VIM-2026-00270,sterility,2.531,pH,2025-03-31,OP005,passed
VIM-2026-00271,endotoxin,8.521,pass/fail,2025-04-01,OP001,passed
VIM-2026-00272,bioburden,5.642,pass/fail,2025-04-01,,passed
VIM-2026-00273,bioburden,13.594,pH,2025-04-01,OP005,passed
VIM-2026-00274,bioburden,11.869,CFU/mL,2025-04-02,OP003,passed
VIM-2026-00275,pH,,pass/fail,2025-04-02,OP004,passed
VIM-2026-00276,bioburden,6.827,CFU/mL,2025-04-02,OP002,failed
VIM-2026-00277,pH,6.1,EU/mL,2025-04-03,OP004,passed
VIM-2026-00278,endotoxin,4.191,pass/fail,2025-04-03,OP003,passed
VIM-2026-00279,pH,1.261,CFU/mL,2025-04-03,OP003,failed
VIM-2026-00280,endotoxin,12.174,CFU/mL,2025-04-04,OP003,passed
VIM-2026-00281,bioburden,11.474,EU/mL,2025-04-04,OP001,passed
VIM-2026-00282,bioburden,13.996,CFU/mL,2025-04-04,OP004,passed
VIM-2026-00283,endotoxin,13.955,CFU/mL,2025-04-05,,passed
VIM-2026-00284,sterility,7.998,EU/mL,2025-04-05,OP005,pending
VIM-2026-00285,endotoxin,10.881,pass/fail,2025-04-05,OP005,passed
VIM-2026-00286,sterility,13.254,CFU/mL,2025-04-06,,pending
VIM-2026-00287,pH,11.97,CFU/mL,2025-04-06,OP003,passed
VIM-2026-00288,pH,3.839,CFU/mL,2025-04-06,OP004,passed
VIM-2026-00289,pH,6.582,pH,2025-04-07,OP003,passed
VIM-2026-00290,bioburden,2.244,EU/mL,2025-04-07,OP001,passed
VIM-2026-00291,pH,13.38,pH,2025-04-07,OP005,passed
VIM-2026-00292,sterility,8.683,EU/mL,2025-04-08,OP003,pending
VIM-2026-00293,pH,3.587,pass/fail,2025-04-08,OP003,failed
VIM-2026-00294,endotoxin,9.568,pass/fail,2025-04-08,OP001,passed
VIM-2026-00295,endotoxin,8.845,CFU/mL,2025-04-09,OP002,pending
VIM-2026-00296,bioburden,5.335,EU/mL,2025-04-09,,failed
VIM-2026-00297,endotoxin,2.033,pass/fail,2025-04-09,OP002,passed
VIM-2026-00298,sterility,9.566,EU/mL,2025-04-10,OP005,passed
VIM-2026-00299,pH,7.524,pass/fail,2025-04-10,OP003,passed
VIM-2026-00300,bioburden,10.926,pH,2025-04-10,OP001,passed
VIM-2026-00301,pH,7.522,pass/fail,2025-04-11,OP001,passed
VIM-2026-00302,pH,12.004,pH,2025-04-11,OP004,passed
VIM-2026-00303,sterility,7.951,pass/fail,2025-04-11,OP002,failed
VIM-2026-00304,endotoxin,8.073,CFU/mL,2025-04-12,OP004,passed
VIM-2026-00305,endotoxin,12.335,pH,2025-04-12,OP003,passed
VIM-2026-00306,pH,5.947,pass/fail,2025-04-12,OP004,pending
VIM-2026-00307,bioburden,2.309,CFU/mL,2025-04-13,OP001,pending
VIM-2026-00308,endotoxin,0.889,pH,2025-04-13,OP001,passed
VIM-2026-00309,bioburden,10.694,CFU/mL,2025-04-13,OP005,pending
VIM-2026-00310,endotoxin,8.874,EU/mL,2025-04-14,OP005,passed
VIM-2026-00311,bioburden,10.005,EU/mL,2025-04-14,OP003,passed
VIM-2026-00312,sterility,3.375,pH,2025-04-14,OP002,passed
VIM-2026-00313,bioburden,2.341,pass/fail,2025-04-15,OP004,passed
VIM-2026-00314,sterility,0.696,pH,2025-04-15,OP003,passed
VIM-2026-00315,sterility,5.233,CFU/mL,2025-04-15,OP005,passed
VIM-2026-00316,bioburden,8.464,pass/fail,2025-04-16,OP004,passed
VIM-2026-00317,sterility,5.795,EU/mL,2025-04-16,OP005,passed
VIM-2026-00318,pH,6.406,pass/fail,2025-04-16,OP004,passed
VIM-2026-00319,sterility,12.706,EU/mL,2025-04-17,OP002,failed
VIM-2026-00320,endotoxin,5.201,pass/fail,2025-04-17,OP003,passed
VIM-2026-00321,bioburden,7.439,pass/fail,2025-04-17,OP004,passed
VIM-2026-00322,pH,11.079,pass/fail,2025-04-18,OP001,passed
VIM-2026-00323,bioburden,5.853,CFU/mL,2025-04-18,OP001,passed
VIM-2026-00324,endotoxin,8.898,CFU/mL,2025-04-18,OP004,passed
VIM-2026-00325,endotoxin,12.142,pH,2025-04-19,OP004,failed
VIM-2026-00326,endotoxin,13.319,pH,2025-04-19,OP004,passed
VIM-2026-00327,sterility,2.485,EU/mL,2025-04-19,OP001,passed
VIM-2026-00328,sterility,13.009,CFU/mL,2025-04-20,OP001,passed
VIM-2026-00329,bioburden,7.144,EU/mL,2025-04-20,OP004,passed
VIM-2026-00330,bioburden,3.986,pH,2025-04-20,OP005,passed
VIM-2026-00331,pH,6.698,EU/mL,2025-04-21,OP005,passed
VIM-2026-00332,pH,13.73,pH,2025-04-21,OP002,passed
VIM-2026-00333,bioburden,7.15,CFU/mL,2025-04-21,OP003,passed
VIM-2026-00334,sterility,4.938,pass/fail,2025-04-22,OP005,passed
VIM-2026-00335,endotoxin,9.051,CFU/mL,2025-04-22,OP001,passed
VIM-2026-00336,bioburden,3.742,EU/mL,2025-04-22,OP005,failed
VIM-2026-00337,pH,1.524,EU/mL,2025-04-23,OP002,failed
VIM-2026-00338,sterility,2.24,CFU/mL,2025-04-23,OP002,failed
VIM-2026-00339,bioburden,2.229,CFU/mL,2025-04-23,,passed
VIM-2026-00340,bioburden,2.551,pH,2025-04-24,OP005,passed
VIM-2026-00341,sterility,2.374,EU/mL,2025-04-24,OP001,passed
VIM-2026-00342,bioburden,9.152,EU/mL,2025-04-24,OP001,passed
VIM-2026-00343,sterility,2.955,CFU/mL,2025-04-25,OP004,passed
VIM-2026-00344,endotoxin,5.167,pass/fail,2025-04-25,OP001,passed
VIM-2026-00345,sterility,12.607,EU/mL,2025-04-25,OP003,passed
VIM-2026-00346,sterility,6.898,pass/fail,2025-04-26,OP003,pending
VIM-2026-00347,sterility,9.512,CFU/mL,2025-04-26,OP001,passed
VIM-2026-00348,bioburden,2.826,CFU/mL,2025-04-26,OP001,passed
VIM-2026-00349,bioburden,3.096,pH,2025-04-27,OP004,passed
VIM-2026-00350,sterility,1.052,EU/mL,2025-04-27,OP001,failed
VIM-2026-00351,bioburden,2.781,pass/fail,2025-04-27,OP004,passed
VIM-2026-00352,pH,4.261,pH,2025-04-28,OP004,passed
VIM-2026-00353,pH,2.89,EU/mL,2025-04-28,OP001,passed
VIM-2026-00354,bioburden,1.697,pH,2025-04-28,OP002,passed
VIM-2026-00355,bioburden,2.129,CFU/mL,2025-04-29,OP002,passed
VIM-2026-00356,sterility,6.721,EU/mL,2025-04-29,OP004,failed
VIM-2026-00357,endotoxin,3.286,pH,2025-04-29,OP001,passed
VIM-2026-00358,bioburden,5.418,pH,2025-04-30,OP002,passed
VIM-2026-00359,pH,7.296,pass/fail,2025-04-30,OP001,passed
VIM-2026-00360,sterility,9.82,pH,2025-04-30,OP001,passed
VIM-2026-00361,bioburden,1.031,EU/mL,2025-05-01,OP001,passed
VIM-2026-00362,pH,11.292,EU/mL,2025-05-01,OP005,passed
VIM-2026-00363,pH,8.977,pass/fail,2025-05-01,OP001,passed
VIM-2026-00364,endotoxin,1.604,EU/mL,2025-05-02,OP005,passed
VIM-2026-00365,sterility,12.293,CFU/mL,2025-05-02,OP004,passed
VIM-2026-00366,sterility,12.932,EU/mL,2025-05-02,OP002,passed
VIM-2026-00367,endotoxin,1.325,EU/mL,2025-05-03,OP002,passed
VIM-2026-00368,endotoxin,4.238,pH,2025-05-03,OP002,pending
VIM-2026-00369,sterility,11.384,pH,2025-05-03,OP002,passed
VIM-2026-00370,sterility,10.602,EU/mL,2025-05-04,OP002,passed
VIM-2026-00371,bioburden,2.991,pass/fail,2025-05-04,OP002,failed
VIM-2026-00372,bioburden,3.326,pH,2025-05-04,OP002,passed
VIM-2026-00373,endotoxin,5.501,pass/fail,2025-05-05,OP004,pending
VIM-2026-00374,bioburden,7.041,EU/mL,2025-05-05,OP001,passed
VIM-2026-00375,pH,8.846,EU/mL,2025-05-05,OP003,pending
VIM-2026-00376,bioburden,5.48,CFU/mL,2025-05-06,OP005,passed
VIM-2026-00377,bioburden,6.744,pH,2025-05-06,OP003,passed
VIM-2026-00378,pH,,EU/mL,2025-05-06,OP003,passed
VIM-2026-00379,endotoxin,0.995,CFU/mL,2025-05-07,OP001,pending
VIM-2026-00380,pH,3.908,pH,2025-05-07,OP001,failed
VIM-2026-00381,bioburden,10.13,EU/mL,2025-05-07,OP001,passed
VIM-2026-00382,endotoxin,12.585,EU/mL,2025-05-08,OP002,passed
VIM-2026-00383,bioburden,7.408,pH,2025-05-08,OP004,pending
VIM-2026-00384,pH,7.684,pH,2025-05-08,OP002,passed
VIM-2026-00385,pH,1.947,pH,2025-05-09,OP004,failed
VIM-2026-00386,bioburden,6.54,EU/mL,2025-05-09,OP004,failed
VIM-2026-00387,sterility,,EU/mL,2025-05-09,OP003,passed
VIM-2026-00388,sterility,3.773,CFU/mL,2025-05-10,OP003,passed
VIM-2026-00389,pH,4.135,pass/fail,2025-05-10,OP004,passed
VIM-2026-00390,pH,5.593,pH,2025-05-10,OP004,passed
VIM-2026-00391,sterility,0.771,EU/mL,2025-05-11,OP002,pending
VIM-2026-00392,sterility,4.848,EU/mL,2025-05-11,OP002,passed
VIM-2026-00393,bioburden,3.355,pH,2025-05-11,OP003,pending
VIM-2026-00394,bioburden,4.921,pass/fail,2025-05-12,OP001,passed
VIM-2026-00395,sterility,2.117,pH,2025-05-12,OP004,pending
VIM-2026-00396,bioburden,12.522,pass/fail,2025-05-12,OP002,passed
VIM-2026-00397,bioburden,8.513,EU/mL,2025-05-13,OP003,passed
VIM-2026-00398,endotoxin,9.668,pass/fail,2025-05-13,OP002,passed
VIM-2026-00399,bioburden,11.154,CFU/mL,2025-05-13,OP004,failed
VIM-2026-00400,pH,7.229,EU/mL,2025-05-14,OP004,passed
VIM-2026-00401,bioburden,1.673,CFU/mL,2025-05-14,OP005,failed
VIM-2026-00402,bioburden,7.751,pH,2025-05-14,OP001,passed
VIM-2026-00403,sterility,8.422,pH,2025-05-15,OP005,passed
VIM-2026-00404,pH,10.563,pH,2025-05-15,OP003,passed
VIM-2026-00405,bioburden,6.327,pass/fail,2025-05-15,OP002,passed
VIM-2026-00406,bioburden,2.222,EU/mL,2025-05-16,OP003,passed
VIM-2026-00407,endotoxin,4.331,pH,2025-05-16,OP004,pending
VIM-2026-00408,bioburden,5.402,pH,2025-05-16,OP005,pending
VIM-2026-00409,bioburden,9.22,EU/mL,2025-05-17,OP005,pending
VIM-2026-00410,endotoxin,8.206,pH,2025-05-17,OP005,failed
VIM-2026-00411,sterility,5.307,CFU/mL,2025-05-17,OP003,passed
VIM-2026-00412,bioburden,13.818,EU/mL,2025-05-18,OP004,passed
VIM-2026-00413,endotoxin,8.678,EU/mL,2025-05-18,OP002,passed
VIM-2026-00414,pH,3.703,EU/mL,2025-05-18,OP002,failed
VIM-2026-00415,sterility,1.874,CFU/mL,2025-05-19,OP003,passed
VIM-2026-00416,pH,2.564,EU/mL,2025-05-19,OP005,passed
VIM-2026-00417,pH,3.82,CFU/mL,2025-05-19,OP001,passed
VIM-2026-00418,endotoxin,2.669,EU/mL,2025-05-20,OP003,passed
VIM-2026-00419,bioburden,3.019,pass/fail,2025-05-20,OP003,pending
VIM-2026-00420,endotoxin,4.349,pH,2025-05-20,OP004,failed
VIM-2026-00421,endotoxin,2.841,pass/fail,2025-05-21,OP002,passed
VIM-2026-00422,endotoxin,12.606,pH,2025-05-21,OP003,pending
VIM-2026-00423,endotoxin,1.583,CFU/mL,2025-05-21,OP003,passed
VIM-2026-00424,sterility,7.581,pass/fail,2025-05-22,OP005,passed
VIM-2026-00425,bioburden,6.04,EU/mL,2025-05-22,OP005,passed
VIM-2026-00426,pH,13.762,pH,2025-05-22,OP001,passed
VIM-2026-00427,pH,2.013,pH,2025-05-23,OP004,passed
VIM-2026-00428,bioburden,5.871,pass/fail,2025-05-23,OP001,pending
VIM-2026-00429,pH,13.588,CFU/mL,2025-05-23,OP005,passed
VIM-2026-00430,bioburden,12.184,pass/fail,2025-05-24,OP002,pending
VIM-2026-00431,pH,11.53,CFU/mL,2025-05-24,OP005,passed
VIM-2026-00432,endotoxin,3.982,CFU/mL,2025-05-24,OP004,passed
VIM-2026-00433,pH,2.807,pH,2025-05-25,OP005,passed
VIM-2026-00434,bioburden,,pass/fail,2025-05-25,OP004,passed
VIM-2026-00435,bioburden,13.047,pass/fail,2025-05-25,OP004,passed
VIM-2026-00436,bioburden,8.016,CFU/mL,2025-05-26,OP004,pending
VIM-2026-00437,bioburden,8.217,pass/fail,2025-05-26,OP004,passed
VIM-2026-00438,bioburden,4.28,EU/mL,2025-05-26,OP004,passed
VIM-2026-00439,sterility,10.888,EU/mL,2025-05-27,OP002,passed
VIM-2026-00440,sterility,3.025,pass/fail,2025-05-27,OP001,passed
VIM-2026-00441,pH,4.87,pass/fail,2025-05-27,OP003,passed
VIM-2026-00442,bioburden,6.243,CFU/mL,2025-05-28,OP001,passed
VIM-2026-00443,pH,7.353,EU/mL,2025-05-28,OP004,passed
VIM-2026-00444,bioburden,3.773,EU/mL,2025-05-28,OP002,passed
VIM-2026-00445,bioburden,2.05,pH,2025-05-29,OP005,passed
VIM-2026-00446,sterility,8.743,CFU/mL,2025-05-29,OP002,passed
VIM-2026-00447,sterility,,pH,2025-05-29,OP004,passed
VIM-2026-00448,endotoxin,8.347,EU/mL,2025-05-30,OP002,passed
VIM-2026-00449,sterility,2.584,CFU/mL,2025-05-30,OP002,pending
VIM-2026-00450,endotoxin,6.995,pass/fail,2025-05-30,OP004,passed
VIM-2026-00451,endotoxin,,CFU/mL,2025-05-31,OP002,passed
VIM-2026-00452,endotoxin,1.2,pass/fail,2025-05-31,OP003,passed
VIM-2026-00453,endotoxin,5.044,pass/fail,2025-05-31,OP003,pending
VIM-2026-00454,endotoxin,2.315,CFU/mL,2025-06-01,OP002,passed
VIM-2026-00455,pH,1.356,pass/fail,2025-06-01,OP005,passed
VIM-2026-00456,sterility,13.864,pH,2025-06-01,OP004,pending
VIM-2026-00457,endotoxin,4.852,EU/mL,2025-06-02,,passed
VIM-2026-00458,bioburden,11.433,pass/fail,2025-06-02,OP005,passed
VIM-2026-00459,sterility,3.938,pH,2025-06-02,OP002,passed
VIM-2026-00460,sterility,9.7,pass/fail,2025-06-03,OP005,passed
VIM-2026-00461,endotoxin,10.763,EU/mL,2025-06-03,OP001,pending
VIM-2026-00462,pH,8.541,pH,2025-06-03,OP003,failed
VIM-2026-00463,endotoxin,6.866,EU/mL,2025-06-04,OP002,passed
VIM-2026-00464,pH,6.06,EU/mL,2025-06-04,OP004,passed
VIM-2026-00465,bioburden,5.21,pH,2025-06-04,OP002,passed
VIM-2026-00466,sterility,13.049,pH,2025-06-05,OP004,passed
VIM-2026-00467,bioburden,11.713,pH,2025-06-05,OP002,failed
VIM-2026-00468,pH,13.528,CFU/mL,2025-06-05,OP005,passed
VIM-2026-00469,pH,2.178,pH,2025-06-06,OP005,passed
VIM-2026-00470,bioburden,10.367,pH,2025-06-06,,failed
VIM-2026-00471,pH,13.168,pH,2025-06-06,OP001,passed
VIM-2026-00472,bioburden,2.947,pH,2025-06-07,OP004,passed
VIM-2026-00473,sterility,1.398,pass/fail,2025-06-07,OP005,passed
VIM-2026-00474,bioburden,10.505,CFU/mL,2025-06-07,OP001,pending
VIM-2026-00475,sterility,8.255,EU/mL,2025-06-08,OP004,passed
VIM-2026-00476,bioburden,11.865,pH,2025-06-08,OP002,passed
VIM-2026-00477,pH,2.387,pass/fail,2025-06-08,OP001,passed
VIM-2026-00478,bioburden,11.236,pass/fail,2025-06-09,OP003,passed
VIM-2026-00479,pH,3.222,pass/fail,2025-06-09,OP001,failed
VIM-2026-00480,bioburden,2.709,EU/mL,2025-06-09,OP001,failed
VIM-2026-00481,bioburden,2.718,pH,2025-06-10,OP004,passed
VIM-2026-00482,endotoxin,11.497,CFU/mL,2025-06-10,OP002,passed
VIM-2026-00483,pH,9.48,CFU/mL,2025-06-10,OP003,passed
VIM-2026-00484,endotoxin,7.561,pass/fail,2025-06-11,OP005,passed
VIM-2026-00485,pH,5.344,EU/mL,2025-06-11,OP005,passed
VIM-2026-00486,endotoxin,12.342,EU/mL,2025-06-11,OP001,pending
VIM-2026-00487,sterility,5.798,EU/mL,2025-06-12,OP004,passed
VIM-2026-00488,bioburden,11.524,CFU/mL,2025-06-12,OP004,passed
VIM-2026-00489,pH,6.428,pass/fail,2025-06-12,OP005,passed
VIM-2026-00490,pH,5.589,pH,2025-06-13,,failed
VIM-2026-00491,bioburden,6.746,CFU/mL,2025-06-13,OP002,failed
VIM-2026-00492,pH,4.569,pass/fail,2025-06-13,OP003,pending
VIM-2026-00493,pH,10.593,pass/fail,2025-06-14,OP002,passed
VIM-2026-00494,endotoxin,7.287,pH,2025-06-14,OP005,passed
VIM-2026-00495,pH,3.635,pH,2025-06-14,OP002,pending
VIM-2026-00496,sterility,12.644,pH,2025-06-15,OP004,passed
VIM-2026-00497,sterility,5.683,EU/mL,2025-06-15,OP001,passed
VIM-2026-00498,bioburden,7.838,pH,2025-06-15,OP001,failed
VIM-2026-00499,pH,,pass/fail,2025-06-16,OP005,failed
VIM-2026-00500,bioburden,8.927,pH,2025-06-16,OP004,passed
