rows_before,pos_rate_before,values_invalid,values_imputed,rows_removed_label_noise,rows_after,pos_rate_after,dataset,condition
32950,0.1127,0,0,1276,31674,0.0932,bank_marketing,clean
32950,0.1127,0,29655,1310,31640,0.0928,bank_marketing,missing_mild
32950,0.1127,0,59310,1253,31697,0.0928,bank_marketing,missing_severe
32950,0.1127,2450,2450,1248,31702,0.0929,bank_marketing,outlier_mild
32950,0.1127,7373,7373,1246,31704,0.0928,bank_marketing,outlier_severe
32950,0.1515,0,0,1854,31096,0.117,bank_marketing,noise_mild
32950,0.2646,0,0,3581,29369,0.1927,bank_marketing,noise_severe
9864,0.1547,0,0,276,9588,0.1476,online_shoppers,clean
9864,0.1547,0,14790,350,9514,0.1467,online_shoppers,missing_mild
9864,0.1547,0,29595,413,9451,0.1454,online_shoppers,missing_severe
9864,0.1547,2192,2192,340,9524,0.1479,online_shoppers,outlier_mild
9864,0.1547,6666,6666,413,9451,0.146,online_shoppers,outlier_severe
9864,0.1877,0,0,580,9284,0.1677,online_shoppers,noise_mild
9864,0.2935,0,0,1342,8522,0.2465,online_shoppers,noise_severe
24000,0.2212,0,0,1941,22059,0.1948,credit_card,clean
24000,0.2212,0,55200,1941,22059,0.1943,credit_card,missing_mild
24000,0.2212,0,110400,1972,22028,0.1928,credit_card,missing_severe
24000,0.2212,4758,4758,1988,22012,0.1943,credit_card,outlier_mild
24000,0.2212,14245,14245,2002,21998,0.1936,credit_card,outlier_severe
24000,0.2491,0,0,2313,21687,0.214,credit_card,noise_mild
24000,0.3309,0,0,3391,20609,0.2748,credit_card,noise_severe
