pipeline,dataset,condition,run,f1,auc,precision,recall,cleaning_time_s,fit_time_s,predict_time_s,best_model,positive_class,decision_threshold,values_invalid,values_imputed,rows_removed_label_noise,n_train,n_test,timestamp
hybrid,bank_marketing,clean,1,0.6687306501547987,0.9549688369734421,0.6415841584158416,0.6982758620689655,10.2,310.3,1.77,LightGBM_BAG_L1,1,0.5,0,0,1311,31639,8238,2026-10-02T09:38:50
hybrid,bank_marketing,missing_mild,1,0.6610878661087866,0.953440020755696,0.6422764227642277,0.6810344827586207,109.0,304.4,3.29,LightGBM_BAG_L1,1,0.5,0,32950,1317,31633,8238,2026-10-02T09:45:47
hybrid,bank_marketing,missing_severe,1,0.6624671916010498,0.9535930350488232,0.6458546571136131,0.6799568965517241,83.3,302.7,5.34,LightGBM_BAG_L1,1,0.5,0,65900,1415,31535,8238,2026-10-02T09:52:18
hybrid,bank_marketing,outlier_mild,1,0.672566371681416,0.9547029783244492,0.6505538771399798,0.6961206896551724,41.4,299.8,1.51,LightGBM_BAG_L1,1,0.5,3324,3324,1320,31630,8238,2026-10-02T09:58:01
hybrid,bank_marketing,outlier_severe,1,0.6777883698760725,0.9534702403415255,0.6076923076923076,0.7661637931034483,18.9,301.7,1.48,LightGBM_BAG_L1,1,0.382,9835,9835,1309,31641,8238,2026-10-02T10:03:24
hybrid,bank_marketing,noise_mild,1,0.6764995083579154,0.9529662366149347,0.6220614828209765,0.7413793103448276,5.0,304.8,6.26,LightGBM_BAG_L1,1,0.4,0,0,2717,30233,8238,2026-10-02T10:08:40
hybrid,bank_marketing,noise_severe,1,0.6599496221662469,0.9518018243785086,0.5405777166437414,0.8469827586206896,7.4,304.8,6.29,LightGBMXT_BAG_L1,1,0.301,0,0,6440,26510,8238,2026-10-02T10:13:59
hybrid,online_shoppers,clean,1,0.6630581867388363,0.9139492116449438,0.6862745098039216,0.6413612565445026,7.9,303.1,3.86,LightGBMXT_BAG_L1,1,0.5,0,0,552,9312,2466,2026-10-02T10:19:14
hybrid,online_shoppers,missing_mild,1,0.6763925729442971,0.9244606123946097,0.6854838709677419,0.6675392670157068,12.4,302.7,1.65,LightGBM_BAG_L1,1,0.499,0,13804,602,9262,2466,2026-10-02T10:24:31
hybrid,online_shoppers,missing_severe,1,0.6640106241699867,0.9097624885691029,0.6738544474393531,0.6544502617801047,12.2,301.5,1.03,WeightedEnsemble_L2,1,0.5,0,27622,607,9257,2466,2026-10-02T10:29:46
hybrid,online_shoppers,outlier_mild,1,0.6824769433465085,0.9193820281174945,0.6870026525198939,0.6780104712041884,7.7,302.4,2.42,LightGBM_BAG_L1,1,0.5,2248,2248,586,9278,2466,2026-10-02T10:34:58
hybrid,online_shoppers,outlier_severe,1,0.6561679790026247,0.9122571876475968,0.6578947368421053,0.6544502617801047,13.8,303.0,1.37,LightGBM_BAG_L1,1,0.5,6769,6769,613,9251,2466,2026-10-02T10:40:17
hybrid,online_shoppers,noise_mild,1,0.6710353866317169,0.9103252404256815,0.6719160104986877,0.6701570680628273,7.4,302.8,2.29,LightGBM_BAG_L1,1,0.5,0,0,991,8873,2466,2026-10-02T10:45:29
hybrid,online_shoppers,noise_severe,1,0.6429512516469038,0.9048170554009106,0.6472148541114059,0.6387434554973822,11.1,299.6,0.79,LightGBM_BAG_L1,1,0.5,0,0,2112,7752,2466,2026-10-02T10:50:41
hybrid,credit_card,clean,1,0.49797388563710043,0.7727886844062906,0.6185682326621924,0.4167294649585531,3.7,302.4,3.56,LightGBM_BAG_L1,1,0.5,0,0,2944,21056,6000,2026-10-02T10:55:51
hybrid,credit_card,missing_mild,1,0.49386084583901774,0.7755958607795331,0.6227064220183486,0.4091936699321778,7.7,301.3,2.93,LightGBM_BAG_L1,1,0.5,0,57600,2867,21133,6000,2026-10-02T11:01:03
hybrid,credit_card,missing_severe,1,0.5290269828291088,0.7767713835239106,0.5781948168007149,0.4875659382064808,7.7,301.4,0.88,XGBoost_BAG_L1,1,0.324,0,115200,2777,21223,6000,2026-10-02T11:06:13
hybrid,credit_card,outlier_mild,1,0.5058400718778078,0.7758163065702682,0.6262513904338154,0.4242652599849284,12.1,302.4,0.9,XGBoost_BAG_L1,1,0.5,8370,8370,2947,21053,6000,2026-10-02T11:11:29
hybrid,credit_card,outlier_severe,1,0.5024586499776487,0.7729104375679621,0.6175824175824176,0.4235116804822909,11.5,301.6,3.43,LightGBM_BAG_L1,1,0.5,25231,25231,2870,21130,6000,2026-10-02T11:16:45
hybrid,credit_card,noise_mild,1,0.5270997103847745,0.7704408641668511,0.5844036697247706,0.4800301431801055,7.3,299.1,1.59,LightGBM_BAG_L1,1,0.357,0,0,3688,20312,6000,2026-10-02T11:21:54
hybrid,credit_card,noise_severe,1,0.5339151130503769,0.7685320809905256,0.5636515912897823,0.5071590052750565,3.6,301.9,1.36,LightGBM_BAG_L1,1,0.358,0,0,5688,18312,6000,2026-10-02T11:27:01
