pipeline,dataset,condition,run,f1,auc,precision,recall,cleaning_time_s,fit_time_s,predict_time_s,best_model,cv_f1,decision_threshold,values_invalid,values_imputed,rows_removed_label_noise,n_train,n_test,timestamp
manual,bank_marketing,clean,1,0.6759214935375778,0.9548858436718713,0.6080964685615848,0.7607758620689655,5.4,14.6,0.03,hist_gradient_boosting,0.7701,0.81,0,0,1311,31639,8238,2026-10-05T13:25:45
manual,bank_marketing,missing_mild,1,0.6657276995305165,0.9525970417236662,0.5898502495840267,0.7640086206896551,74.6,18.7,0.03,hist_gradient_boosting,0.7549,0.81,0,32950,1317,31633,8238,2026-10-05T13:28:00
manual,bank_marketing,missing_severe,1,0.6669658886894075,0.9522616780272655,0.5715384615384616,0.8006465517241379,74.9,20.1,0.03,hist_gradient_boosting,0.7398,0.77,0,65900,1415,31535,8238,2026-10-05T13:29:35
manual,bank_marketing,outlier_mild,1,0.6776315789473685,0.9539107829378745,0.6008333333333333,0.7769396551724138,25.8,18.7,0.03,hist_gradient_boosting,0.7619,0.79,3324,3324,1320,31630,8238,2026-10-05T13:30:20
manual,bank_marketing,outlier_severe,1,0.6768023540951447,0.9530262335487523,0.6210621062106211,0.7435344827586207,18.3,18.1,0.03,hist_gradient_boosting,0.7345,0.84,9835,9835,1309,31641,8238,2026-10-05T13:30:56
manual,bank_marketing,noise_mild,1,0.6695949243533431,0.9522633732723242,0.6119536128456735,0.7392241379310345,4.6,13.0,0.03,hist_gradient_boosting,0.766,0.82,0,0,2717,30233,8238,2026-10-05T13:31:14
manual,bank_marketing,noise_severe,1,0.649895178197065,0.9485619162460495,0.5319148936170213,0.8351293103448276,4.5,13.1,0.03,hist_gradient_boosting,0.7277,0.73,0,0,6440,26510,8238,2026-10-05T13:31:32
manual,credit_card,clean,1,0.5222222222222223,0.773851887843245,0.6031589338598223,0.4604370761115298,5.0,21.5,0.01,hist_gradient_boosting,0.7753,0.75,0,0,2944,21056,6000,2026-10-05T13:33:35
manual,credit_card,missing_mild,1,0.5213781652137817,0.7765218298581003,0.5804066543438078,0.47324792765636775,4.5,19.5,0.01,hist_gradient_boosting,0.7311,0.71,0,57600,2867,21133,6000,2026-10-05T13:33:59
manual,credit_card,missing_severe,1,0.5384326959130109,0.7725869450615869,0.5358208955223881,0.5410700828937453,4.2,19.0,0.01,hist_gradient_boosting,0.6877,0.58,0,115200,2777,21223,6000,2026-10-05T13:34:23
manual,credit_card,outlier_mild,1,0.5278780585639792,0.7684830572009254,0.5643224699828473,0.4958553127354936,7.6,19.7,0.07,random_forest,0.7572,0.5,8370,8370,2947,21053,6000,2026-10-05T13:34:50
manual,credit_card,outlier_severe,1,0.5210504376823677,0.7675538628730425,0.5830223880597015,0.47098718914845517,7.9,20.2,0.07,random_forest,0.7216,0.55,25231,25231,2870,21130,6000,2026-10-05T13:35:18
manual,credit_card,noise_mild,1,0.5261424454508028,0.7702816981131163,0.5798548094373865,0.48153730218538054,4.2,20.2,0.02,hist_gradient_boosting,0.7708,0.71,0,0,3688,20312,6000,2026-10-05T13:35:43
manual,credit_card,noise_severe,1,0.5317429780684879,0.7679962864479378,0.5432389937106918,0.520723436322532,4.1,19.8,0.02,hist_gradient_boosting,0.7347,0.65,0,0,5688,18312,6000,2026-10-05T13:36:07
manual,online_shoppers,clean,1,0.6701708278580815,0.9160714644612153,0.6728232189973615,0.6675392670157068,4.7,11.1,0.06,random_forest,0.839,0.64,0,0,552,9312,2466,2026-10-05T13:43:22
manual,online_shoppers,missing_mild,1,0.6621438263229308,0.9189273045190984,0.6873239436619718,0.6387434554973822,6.8,11.8,0.01,hist_gradient_boosting,0.8028,0.8,0,13804,602,9262,2466,2026-10-05T13:43:41
manual,online_shoppers,missing_severe,1,0.6522911051212938,0.9186528373747627,0.6722222222222223,0.6335078534031413,6.5,11.5,0.01,hist_gradient_boosting,0.7575,0.8,0,27622,607,9257,2466,2026-10-05T13:43:59
manual,online_shoppers,outlier_mild,1,0.6666666666666666,0.9205175809709479,0.6439024390243903,0.6910994764397905,7.9,13.9,0.02,hist_gradient_boosting,0.8333,0.66,2248,2248,586,9278,2466,2026-10-05T13:44:21
manual,online_shoppers,outlier_severe,1,0.6541554959785523,0.9144579493724312,0.6703296703296703,0.6387434554973822,7.5,12.5,0.01,hist_gradient_boosting,0.8079,0.83,6769,6769,613,9251,2466,2026-10-05T13:44:41
manual,online_shoppers,noise_mild,1,0.6702412868632708,0.913238863040267,0.6868131868131868,0.6544502617801047,4.4,10.8,0.01,hist_gradient_boosting,0.858,0.81,0,0,991,8873,2466,2026-10-05T13:44:56
manual,online_shoppers,noise_severe,1,0.6215538847117794,0.8926035815136015,0.5961538461538461,0.6492146596858639,4.3,10.8,0.01,hist_gradient_boosting,0.7866,0.65,0,0,2112,7752,2466,2026-10-05T13:45:11
