dataset,column,dtype,n_unique,min,max,treatment
bank_marketing,age,int64,75,17.0,98.0,3-4 sigma (int)
bank_marketing,campaign,int64,40,1.0,56.0,3-4 sigma (int)
bank_marketing,pdays,int64,27,0.0,999.0,3-4 sigma (int)
bank_marketing,previous,int64,8,0.0,7.0,new category -> 8
bank_marketing,emp.var.rate,float64,10,-3.4,1.4,3-4 sigma (float)
bank_marketing,cons.price.idx,float64,26,92.201,94.767,3-4 sigma (float)
bank_marketing,cons.conf.idx,float64,26,-50.8,-26.9,3-4 sigma (float)
bank_marketing,euribor3m,float64,312,0.634,5.045,3-4 sigma (float)
bank_marketing,nr.employed,float64,11,4963.6,5228.1,3-4 sigma (float)
online_shoppers,Administrative,int64,26,0.0,27.0,3-4 sigma (int)
online_shoppers,Administrative_Duration,float64,2821,0.0,3398.75,3-4 sigma (float)
online_shoppers,Informational,int64,17,0.0,24.0,new category -> 25
online_shoppers,Informational_Duration,float64,1078,0.0,2549.375,3-4 sigma (float)
online_shoppers,ProductRelated,int64,284,0.0,705.0,3-4 sigma (int)
online_shoppers,ProductRelated_Duration,float64,7793,0.0,63973.52223,3-4 sigma (float)
online_shoppers,BounceRates,float64,1596,0.0,0.2,3-4 sigma (float)
online_shoppers,ExitRates,float64,3971,0.0,0.2,3-4 sigma (float)
online_shoppers,PageValues,float64,2175,0.0,361.7637419,3-4 sigma (float)
online_shoppers,SpecialDay,float64,6,0.0,1.0,3-4 sigma (float)
credit_card,LIMIT_BAL,float64,80,10000.0,1000000.0,3-4 sigma (float)
credit_card,AGE,int64,55,21.0,75.0,3-4 sigma (int)
credit_card,BILL_AMT1,float64,18671,-165580.0,964511.0,3-4 sigma (float)
credit_card,BILL_AMT2,float64,18400,-69777.0,983931.0,3-4 sigma (float)
credit_card,BILL_AMT3,float64,18112,-61506.0,855086.0,3-4 sigma (float)
credit_card,BILL_AMT4,float64,17764,-81334.0,891586.0,3-4 sigma (float)
credit_card,BILL_AMT5,float64,17304,-81334.0,927171.0,3-4 sigma (float)
credit_card,BILL_AMT6,float64,16970,-339603.0,961664.0,3-4 sigma (float)
credit_card,PAY_AMT1,float64,6924,0.0,873552.0,3-4 sigma (float)
credit_card,PAY_AMT2,float64,6882,0.0,1215471.0,3-4 sigma (float)
credit_card,PAY_AMT3,float64,6558,0.0,896040.0,3-4 sigma (float)
credit_card,PAY_AMT4,float64,6075,0.0,621000.0,3-4 sigma (float)
credit_card,PAY_AMT5,float64,5985,0.0,426529.0,3-4 sigma (float)
credit_card,PAY_AMT6,float64,6014,0.0,528666.0,3-4 sigma (float)
