dataset,condition,f1_std
bank_marketing,clean,0.0013
bank_marketing,missing_mild,0.0011
bank_marketing,missing_severe,0.0015
bank_marketing,noise_mild,0.0027
bank_marketing,noise_severe,0.0356
bank_marketing,outlier_mild,0.0027
bank_marketing,outlier_severe,0.0015
credit_card,clean,0.0009
credit_card,missing_mild,0.0045
credit_card,missing_severe,0.0062
credit_card,noise_mild,0.0064
credit_card,noise_severe,0.0062
credit_card,outlier_mild,0.0035
credit_card,outlier_severe,0.003
online_shoppers,clean,0.01
online_shoppers,missing_mild,0.0043
online_shoppers,missing_severe,0.0034
online_shoppers,noise_mild,0.0023
online_shoppers,noise_severe,0.0247
online_shoppers,outlier_mild,0.0064
online_shoppers,outlier_severe,0.0029
